"BandWidth1","probWrong"
FALSE,0.279732784937858
TRUE,18.7701567235819
